{"Update_Date":"2022-12-24 19:00:08","USD":{"Buying":"18,6700","Type":"Currency","Selling":"18,6893","Change":"%0,09"},"EUR":{"Buying":"19,8053","Type":"Currency","Selling":"19,8686","Change":"%0,19"},"GBP":{"Buying":"22,4908","Type":"Currency","Selling":"22,5616","Change":"%0,09"},"CHF":{"Buying":"19,9965","Type":"Currency","Selling":"20,0365","Change":"%-0,10"},"CAD":{"Buying":"13,7370","Type":"Currency","Selling":"13,7472","Change":"%0,43"},"RUB":{"Buying":"0,2663","Type":"Currency","Selling":"0,2666","Change":"%-2,37"},"AED":{"Buying":"5,0840","Type":"Currency","Selling":"5,0879","Change":"%0,09"},"AUD":{"Buying":"12,5462","Type":"Currency","Selling":"12,5629","Change":"%0,87"},"DKK":{"Buying":"2,6658","Type":"Currency","Selling":"2,6678","Change":"%0,27"},"SEK":{"Buying":"1,7746","Type":"Currency","Selling":"1,7756","Change":"%-0,43"},"NOK":{"Buying":"1,8911","Type":"Currency","Selling":"1,8922","Change":"%0,06"},"JPY":{"Buying":"14,0482","Type":"Currency","Selling":"14,0659","Change":"%-0,30"},"KWD":{"Buying":"61,0210","Type":"Currency","Selling":"60,8851","Change":"%0,08"},"ZAR":{"Buying":"1,1002","Type":"Currency","Selling":"1,1007","Change":"%1,22"},"BHD":{"Buying":"49,9853","Type":"Currency","Selling":"49,2913","Change":"%0,27"},"LYD":{"Buying":"3,8896","Type":"Currency","Selling":"3,8614","Change":"%4,22"},"SAR":{"Buying":"4,9711","Type":"Currency","Selling":"4,9636","Change":"%0,11"},"IQD":{"Buying":"0,0128","Type":"Currency","Selling":"0,0128","Change":"%0,09"},"ILS":{"Buying":"5,3340","Type":"Currency","Selling":"5,3243","Change":"%-0,08"},"IRR":{"Buying":"0,0004","Type":"Currency","Selling":"0,0004","Change":"%0,09"},"INR":{"Buying":"0,2256","Type":"Currency","Selling":"0,2257","Change":"%0,31"},"MXN":{"Buying":"0,9643","Type":"Currency","Selling":"0,9649","Change":"%1,12"},"HUF":{"Buying":"0,0496","Type":"Currency","Selling":"0,0496","Change":"%0,51"},"NZD":{"Buying":"11,7473","Type":"Currency","Selling":"11,7558","Change":"%0,67"},"BRL":{"Buying":"3,6186","Type":"Currency","Selling":"3,6209","Change":"%0,34"},"IDR":{"Buying":"0,0012","Type":"Currency","Selling":"0,0012","Change":"%0,03"},"CSK":{"Buying":"0,8196","Type":"Currency","Selling":"0,8197","Change":"%0,35"},"PLN":{"Buying":"4,2718","Type":"Currency","Selling":"4,2723","Change":"%0,29"},"RON":{"Buying":"4,0369","Type":"Currency","Selling":"4,0360","Change":"%-0,05"},"CNY":{"Buying":"2,6716","Type":"Currency","Selling":"2,6736","Change":"%0,03"},"ARS":{"Buying":"0,1068","Type":"Currency","Selling":"0,1069","Change":"%-0,07"},"ALL":{"Buying":"0,1740","Type":"Currency","Selling":"0,1739","Change":"%-0,20"},"AZN":{"Buying":"10,9824","Type":"Currency","Selling":"10,9937","Change":"%0,09"},"BAM":{"Buying":"10,1866","Type":"Currency","Selling":"10,0930","Change":"%7,50"},"CLP":{"Buying":"0,0213","Type":"Currency","Selling":"0,0213","Change":"%-0,71"},"COP":{"Buying":"0,0039","Type":"Currency","Selling":"0,0039","Change":"%0,70"},"CRC":{"Buying":"0,0322","Type":"Currency","Selling":"0,0320","Change":"%0,43"},"DZD":{"Buying":"0,1363","Type":"Currency","Selling":"0,1352","Change":"%0,43"},"EGP":{"Buying":"0,7544","Type":"Currency","Selling":"0,7532","Change":"%-0,09"},"HKD":{"Buying":"2,3921","Type":"Currency","Selling":"2,3942","Change":"%-0,06"},"HRK":{"Buying":"2,6293","Type":"Currency","Selling":"2,6301","Change":"%0,23"},"ISK":{"Buying":"0,1303","Type":"Currency","Selling":"0,1301","Change":"%0,26"},"JOD":{"Buying":"26,4148","Type":"Currency","Selling":"26,2564","Change":"%0,05"},"KRW":{"Buying":"0,0146","Type":"Currency","Selling":"0,0146","Change":"%0,53"},"KZT":{"Buying":"0,0405","Type":"Currency","Selling":"0,0405","Change":"%0,64"},"LBP":{"Buying":"0,0124","Type":"Currency","Selling":"0,0123","Change":"%0,06"},"LKR":{"Buying":"0,0515","Type":"Currency","Selling":"0,0506","Change":"%0,13"},"MAD":{"Buying":"1,7787","Type":"Currency","Selling":"1,7784","Change":"%0,14"},"MDL":{"Buying":"0,9756","Type":"Currency","Selling":"0,9715","Change":"%0,42"},"MKD":{"Buying":"0,3239","Type":"Currency","Selling":"0,3225","Change":"%0,75"},"MYR":{"Buying":"4,2222","Type":"Currency","Selling":"4,2216","Change":"%0,09"},"OMR":{"Buying":"48,6223","Type":"Currency","Selling":"48,4204","Change":"%0,09"},"PEN":{"Buying":"4,9106","Type":"Currency","Selling":"4,9053","Change":"%0,15"},"PHP":{"Buying":"0,3381","Type":"Currency","Selling":"0,3382","Change":"%0,02"},"PKR":{"Buying":"0,0827","Type":"Currency","Selling":"0,0824","Change":"%0,09"},"QAR":{"Buying":"5,1291","Type":"Currency","Selling":"5,1326","Change":"%0,45"},"RSD":{"Buying":"0,1691","Type":"Currency","Selling":"0,1690","Change":"%0,28"},"SGD":{"Buying":"13,8122","Type":"Currency","Selling":"13,8204","Change":"%0,17"},"SYP":{"Buying":"0,0074","Type":"Currency","Selling":"0,0074","Change":"%0,07"},"THB":{"Buying":"0,5366","Type":"Currency","Selling":"0,5363","Change":"%0,23"},"TWD":{"Buying":"0,6074","Type":"Currency","Selling":"0,6060","Change":"%0,06"},"UAH":{"Buying":"0,5056","Type":"Currency","Selling":"0,5058","Change":"%0,06"},"UYU":{"Buying":"0,4839","Type":"Currency","Selling":"0,4833","Change":"%-0,58"},"GEL":{"Buying":"6,9551","Type":"Currency","Selling":"6,9970","Change":"%-0,81"},"TND":{"Buying":"5,9897","Type":"Currency","Selling":"5,9748","Change":"%1,25"},"BGN":{"Buying":"10,1357","Type":"Currency","Selling":"10,1401","Change":"%0,26"},"":{"Type":"Gold"},"ons":{"Buying":"$1.797,58","Type":"Gold","Selling":"$1.797,93","Change":"%0,33"},"gram-altin":{"Buying":"1.079,56","Type":"Gold","Selling":"1.079,77","Change":"%0,44"},"ceyrek-altin":{"Buying":"1.735,76","Type":"Gold","Selling":"1.736,10","Change":"%0,44"},"yarim-altin":{"Buying":"3.471,51","Type":"Gold","Selling":"3.472,19","Change":"%0,44"},"tam-altin":{"Buying":"6.943,03","Type":"Gold","Selling":"6.944,38","Change":"%0,44"},"cumhuriyet-altini":{"Buying":"7.140,95","Type":"Gold","Selling":"7.142,34","Change":"%0,44"},"ata-altin":{"Buying":"7.140,95","Type":"Gold","Selling":"7.142,34","Change":"%0,44"},"resat-altin":{"Buying":"7.125,12","Type":"Gold","Selling":"7.126,50","Change":"%0,44"},"hamit-altin":{"Buying":"7.125,12","Type":"Gold","Selling":"7.126,50","Change":"%0,44"},"ikibucuk-altin":{"Buying":"17.357,57","Type":"Gold","Selling":"17.360,95","Change":"%0,44"},"gremse-altin":{"Buying":"17.357,57","Type":"Gold","Selling":"17.360,95","Change":"%0,44"},"besli-altin":{"Buying":"34.715,15","Type":"Gold","Selling":"34.721,90","Change":"%0,44"},"14-ayar-altin":{"Buying":"629,75","Type":"Gold","Selling":"629,87","Change":"%0,44"},"18-ayar-altin":{"Buying":"809,67","Type":"Gold","Selling":"809,83","Change":"%0,44"},"22-ayar-bilezik":{"Buying":"989,60","Type":"Gold","Selling":"989,79","Change":"%0,44"},"gumus":{"Buying":"14,23","Type":"Gold","Selling":"14,28","Change":"%1,03"}}
